<?xml version="1.0" encoding="UTF-8"?>
<suite name="MIBL" verbose="2" parallel="classes">
    <parameter name="browserName" value="chrome"/>
    <parameter name="localDriverPath" value="D:\AutomationDriver\chromedriver78.exe"/>
    <parameter name="url" value="https://v2.mibinsure.com/NewHome"/>
    <parameter name="invocationCount" value="3"/>
   <!-- <test name="QuoteTwoWheelerTest" preserve-order="true">
        <classes>
            <class name="QuickQuote_TwoWheeler_TS.TwoWheeler_Test">
                <methods>
                    <parameter name="invocationCount" value="3"/>
                    <include name="QuoteTwoWheelerTest"/>
                </methods>
            </class>
        </classes>
    </test>
    <test name="FourWheelerTest" preserve-order="true">
        <classes>
            <class name="QuickQuote_FourWheeler_TS.FourWheeler_Test">
                <methods>
                    <parameter name="invocationCount" value="3"/>
                    <include name="FourWheelerTest"/>
                </methods>
            </class>
        </classes>
    </test>-->
    <test name="Referordecline" preserve-order="true">
        <classes>
            <class name="Referordecline_TS.Referordecline_Test">
                <methods>

                    <include name="Referordecline"/>
                </methods>
            </class>
        </classes>
    </test>
</suite>
